City_ID,City,Country,Date,Lat,Lng,Max Temp,Humidity,Cloudiness,Wind Speed
0,Ancud,CL,2022-01-30 18:37:58,-41.8697,-73.8203,63.43,57,55,11.39
1,Sovetskiy,RU,2022-01-30 18:37:59,61.3614,63.5842,-6.38,100,99,2.98
2,Bairiki,KI,2022-01-30 18:37:59,1.3292,172.9752,81.81,78,100,19.3
3,Upernavik,GL,2022-01-30 18:37:59,72.7868,-56.1549,-3.62,70,100,9.26
4,Albany,US,2022-01-30 18:38:00,42.6001,-73.9662,22.15,35,59,7.0
5,Nanortalik,GL,2022-01-30 18:38:00,60.1432,-45.2371,18.72,68,100,13.09
6,Mount Gambier,AU,2022-01-30 18:38:00,-37.8333,140.7667,62.51,100,100,8.05
7,Puerto Ayora,EC,2022-01-30 18:38:01,-0.7393,-90.3518,84.16,70,100,8.79
8,Hilo,US,2022-01-30 18:36:43,19.7297,-155.09,75.61,72,40,6.91
9,Punta Arenas,CL,2022-01-30 18:34:44,-53.15,-70.9167,53.71,43,75,28.77
10,Bulolo,PG,2022-01-30 18:38:02,-7.2,146.65,70.32,91,100,3.06
11,Georgetown,MY,2022-01-30 18:38:02,5.4112,100.3354,82.89,90,20,0.0
12,Tuktoyaktuk,CA,2022-01-30 18:38:03,69.4541,-133.0374,-2.2,78,100,19.57
13,Mandera,KE,2022-01-30 18:38:03,3.9366,41.867,84.42,22,100,10.11
14,Mount Isa,AU,2022-01-30 18:38:03,-20.7333,139.5,74.97,100,100,6.91
15,Grootfontein,NA,2022-01-30 18:38:04,-19.5667,18.1167,68.36,83,92,9.98
16,Atuona,PF,2022-01-30 18:38:04,-9.8,-139.0333,77.81,77,26,14.65
17,Barrow,US,2022-01-30 18:38:04,71.2906,-156.7887,-11.18,77,40,10.36
18,Carnarvon,AU,2022-01-30 18:38:05,-24.8667,113.6333,80.67,78,77,18.41
19,Saskylakh,RU,2022-01-30 18:38:05,71.9167,114.0833,-20.51,100,100,2.82
20,Adrar,MR,2022-01-30 18:38:06,20.5022,-10.0711,79.72,11,99,9.28
21,Butaritari,KI,2022-01-30 18:38:06,3.0707,172.7902,81.64,77,77,21.81
22,Talnakh,RU,2022-01-30 18:38:06,69.4865,88.3972,-13.4,97,76,8.88
23,Bowen,AU,2022-01-30 18:35:18,-20.0167,148.2333,77.22,91,40,8.21
24,Iqaluit,CA,2022-01-30 18:38:07,63.7506,-68.5145,-11.47,70,75,6.91
25,Kodiak,US,2022-01-30 18:38:07,57.79,-152.4072,24.31,68,20,13.8
26,Mareeba,AU,2022-01-30 18:38:08,-17.0,145.4333,72.45,93,100,2.1
27,Saint George,US,2022-01-30 18:38:08,37.1041,-113.5841,55.35,26,0,3.0
28,Alta Floresta,BR,2022-01-30 18:38:08,-9.8756,-56.0861,84.02,70,40,6.91
29,Baytown,US,2022-01-30 18:38:09,29.7355,-94.9774,69.42,42,0,6.85
30,Yellowknife,CA,2022-01-30 18:37:14,62.456,-114.3525,-12.48,77,100,9.22
31,Hobart,AU,2022-01-30 18:38:09,-42.8794,147.3294,57.06,94,75,1.01
32,Busselton,AU,2022-01-30 18:38:10,-33.65,115.3333,64.09,70,84,19.51
33,Nikolskoye,RU,2022-01-30 18:38:10,59.7035,30.7861,30.7,96,100,7.31
34,Mar Del Plata,AR,2022-01-30 18:38:10,-38.0023,-57.5575,86.02,56,40,20.0
35,Cockburn Town,TC,2022-01-30 18:38:11,21.4612,-71.1419,75.16,69,75,13.8
36,Nampula,MZ,2022-01-30 18:38:11,-15.1165,39.2666,76.95,78,20,9.22
37,Alice Springs,AU,2022-01-30 18:38:12,-23.7,133.8833,72.95,100,100,8.05
38,San Jeronimito,MX,2022-01-30 18:38:12,17.55,-101.3333,85.84,66,0,6.91
39,Provideniya,RU,2022-01-30 18:38:12,64.3833,-173.3,4.6,81,1,7.67
40,Moindou,NC,2022-01-30 18:38:13,-21.6924,165.677,76.95,85,100,6.69
41,Klaksvik,FO,2022-01-30 18:38:13,62.2266,-6.589,38.32,92,100,17.34
42,Taoudenni,ML,2022-01-30 18:38:13,22.6783,-3.9836,78.1,13,98,14.27
43,Marystown,CA,2022-01-30 18:38:14,47.1666,-55.1483,34.59,71,97,34.54
44,Vardo,NO,2022-01-30 18:38:14,70.3705,31.1107,28.15,86,75,19.57
45,New Norfolk,AU,2022-01-30 18:38:15,-42.7826,147.0587,56.71,74,4,2.08
46,Ribeira Grande,PT,2022-01-30 18:38:15,38.5167,-28.7,57.6,77,40,12.66
47,Bouna,CI,2022-01-30 18:38:15,9.2667,-3.0,81.82,12,5,5.48
48,Buala,SB,2022-01-30 18:38:16,-8.145,159.5921,79.81,83,100,3.85
49,Yelnya,RU,2022-01-30 18:39:16,54.5786,33.1837,30.67,91,100,8.16
50,Mataura,NZ,2022-01-30 18:39:16,-46.1927,168.8643,58.48,96,41,1.14
51,Hofn,IS,2022-01-30 18:38:36,64.2539,-15.2082,26.69,50,0,25.61
52,Ganzhou,CN,2022-01-30 18:36:53,28.8184,115.4327,39.67,80,100,4.74
53,Jamestown,US,2022-01-30 18:38:51,42.097,-79.2353,20.52,51,75,4.0
54,Chumikan,RU,2022-01-30 18:39:17,54.7183,135.315,-1.16,83,100,17.36
55,Victoria,HK,2022-01-30 18:39:18,22.2855,114.1577,59.32,75,83,1.01
56,Mattru,SL,2022-01-30 18:39:18,7.6244,-11.8332,81.77,62,4,7.99
57,Ixtapa,MX,2022-01-30 18:39:19,20.7,-105.2,78.03,50,0,5.75
58,Sao Filipe,CV,2022-01-30 18:39:19,14.8961,-24.4956,72.27,70,100,14.45
59,Dikson,RU,2022-01-30 18:39:20,73.5069,80.5464,-2.52,93,100,21.36
60,Tambacounda,SN,2022-01-30 18:39:20,13.7539,-13.7586,100.45,13,0,9.22
61,Kloulklubed,PW,2022-01-30 18:39:20,7.0419,134.2556,75.7,69,100,11.77
62,Port Alfred,ZA,2022-01-30 18:39:21,-33.5906,26.891,74.95,86,100,21.43
63,Maningrida,AU,2022-01-30 18:39:21,-12.0667,134.2667,78.94,87,100,12.73
64,Ushuaia,AR,2022-01-30 18:37:15,-54.8,-68.3,46.06,76,75,23.02
65,Kapaa,US,2022-01-30 18:39:22,22.0752,-159.319,75.47,70,20,1.01
66,Ingham,US,2022-01-30 18:39:22,42.6,-84.3833,26.17,68,100,0.0
67,Avarua,CK,2022-01-30 18:39:23,-21.2078,-159.775,78.85,89,75,9.22
68,Taltal,CL,2022-01-30 18:39:23,-25.4,-70.4833,68.31,70,33,7.29
69,Broken Hill,AU,2022-01-30 18:39:23,-31.95,141.4333,78.51,65,75,8.05
70,Rikitea,PF,2022-01-30 18:39:24,-23.1203,-134.9692,76.12,62,99,4.54
71,Wilmington,US,2022-01-30 18:39:24,34.2257,-77.9447,44.94,31,0,8.05
72,Acarau,BR,2022-01-30 18:39:25,-2.8856,-40.12,76.39,85,100,12.55
73,Fort Dodge,US,2022-01-30 18:39:23,42.4975,-94.168,21.42,73,100,6.91
74,Kaitangata,NZ,2022-01-30 18:39:25,-46.2817,169.8464,55.63,93,24,2.89
75,Atasu,KZ,2022-01-30 18:39:25,48.6814,71.6433,14.04,95,100,9.93
76,Gorontalo,ID,2022-01-30 18:39:26,0.5412,123.0595,73.51,94,98,4.09
77,Manokwari,ID,2022-01-30 18:39:26,-0.8667,134.0833,77.54,73,100,7.76
78,Bahia Blanca,AR,2022-01-30 18:39:27,-38.7196,-62.2724,78.28,42,23,26.08
79,Chirongui,YT,2022-01-30 18:39:27,-12.9319,45.1483,82.33,69,8,6.2
80,Mehamn,NO,2022-01-30 18:39:27,71.0357,27.8492,32.18,64,75,20.71
81,Egvekinot,RU,2022-01-30 18:39:28,66.3167,-179.1667,0.03,63,67,8.14
82,Khatanga,RU,2022-01-30 18:39:28,71.9667,102.5,-7.17,98,100,9.91
83,Cape Town,ZA,2022-01-30 18:39:29,-33.9258,18.4232,71.11,81,0,4.0
84,Fortuna,US,2022-01-30 18:39:29,40.5982,-124.1573,51.66,94,100,9.22
85,Chokurdakh,RU,2022-01-30 18:38:33,70.6333,147.9167,-29.9,88,18,1.81
86,Hobyo,SO,2022-01-30 18:39:29,5.3505,48.5268,77.23,76,93,17.02
87,Ponta Do Sol,PT,2022-01-30 18:39:30,32.6667,-17.1,66.13,40,1,8.46
88,Bluff,NZ,2022-01-30 18:39:30,-46.6,168.3333,58.8,91,100,3.91
89,Hermanus,ZA,2022-01-30 18:39:31,-34.4187,19.2345,71.8,77,100,15.35
90,Isangel,VU,2022-01-30 18:39:31,-19.55,169.2667,77.36,93,100,8.41
91,Port-Gentil,GA,2022-01-30 18:39:32,-0.7193,8.7815,82.36,83,40,8.05
92,Tasiilaq,GL,2022-01-30 18:39:32,65.6145,-37.6368,8.76,35,88,28.77
93,Kerema,PG,2022-01-30 18:40:32,-7.9631,145.7785,75.58,86,100,1.59
94,Hamilton,US,2022-01-30 18:36:01,39.1834,-84.5333,39.88,55,0,1.01
95,Tiksi,RU,2022-01-30 18:40:33,71.6872,128.8694,-17.66,100,97,4.5
96,Zverinogolovskoye,RU,2022-01-30 18:40:33,54.4586,64.8542,9.79,94,100,6.51
97,Morondava,MG,2022-01-30 18:40:34,-20.2833,44.2833,83.25,73,60,13.87
98,Luba,GQ,2022-01-30 18:36:34,3.4568,8.5547,80.49,74,100,11.01
99,Rusape,ZW,2022-01-30 18:40:34,-18.5278,32.1284,60.03,84,1,5.01
100,Tura,IN,2022-01-30 18:40:35,25.5198,90.2201,52.75,59,5,3.4
101,Labytnangi,RU,2022-01-30 18:40:35,66.6572,66.4183,-10.43,99,91,2.89
102,Sao Paulo De Olivenca,BR,2022-01-30 18:40:36,-3.3783,-68.8725,90.07,50,96,4.63
103,Corner Brook,CA,2022-01-30 18:40:36,48.9667,-57.9484,35.76,84,97,27.02
104,Aklavik,CA,2022-01-30 18:40:37,68.2191,-135.0107,5.0,72,100,13.8
105,Airai,TL,2022-01-30 18:40:37,-8.9266,125.4092,61.18,94,96,4.0
106,Arraial Do Cabo,BR,2022-01-30 18:40:37,-22.9661,-42.0278,89.56,58,40,8.05
107,Iquitos,PE,2022-01-30 18:38:19,-3.7481,-73.2472,87.84,58,0,8.05
108,Nea Iraklitsa,GR,2022-01-30 18:40:38,40.8644,24.3158,45.63,51,100,3.13
109,Lasem,ID,2022-01-30 18:40:38,-6.6922,111.4527,76.89,91,100,5.95
110,Saint-Augustin,CA,2022-01-30 18:40:39,51.226,-58.6502,29.21,96,100,21.88
111,Caravelas,BR,2022-01-30 18:40:39,-17.7125,-39.2481,84.96,67,37,13.06
112,Da Nang,VN,2022-01-30 18:35:54,16.0678,108.2208,69.78,94,75,3.44
113,Lebu,CL,2022-01-30 18:40:40,-37.6167,-73.65,62.85,62,2,17.45
114,Rio Grande,BR,2022-01-30 18:40:40,-32.035,-52.0986,82.51,56,0,17.34
115,Kotelnich,RU,2022-01-30 18:40:40,58.3089,48.348,8.47,99,84,4.21
116,Severo-Kurilsk,RU,2022-01-30 18:40:41,50.6789,156.125,26.35,92,100,13.94
117,Husavik,IS,2022-01-30 18:40:41,66.0449,-17.3389,28.31,70,24,25.1
118,Daru,PG,2022-01-30 18:40:41,-9.0763,143.2092,75.79,89,100,7.29
119,Mahebourg,MU,2022-01-30 18:40:42,-20.4081,57.7,80.89,83,75,8.05
120,Laksham,BD,2022-01-30 18:40:42,23.2472,91.1425,57.15,61,0,2.3
121,Mhlume,SZ,2022-01-30 18:40:43,-26.0333,31.85,73.87,97,100,1.57
122,Puerto Carreno,CO,2022-01-30 18:40:43,6.189,-67.4859,91.38,38,20,18.41
123,Puerto Leguizamo,CO,2022-01-30 18:40:43,-0.1934,-74.7819,94.05,34,100,5.39
124,East London,ZA,2022-01-30 18:39:37,-33.0153,27.9116,74.34,88,20,13.8
125,Porto Santo,PT,2022-01-30 18:40:31,33.072,-16.3415,65.3,82,40,16.11
126,Grindavik,IS,2022-01-30 18:40:44,63.8424,-22.4338,24.75,93,75,36.82
127,Chuy,UY,2022-01-30 18:40:45,-33.6971,-53.4616,78.76,53,73,12.86
128,Sigli,ID,2022-01-30 18:40:45,5.3848,95.9609,76.89,81,97,3.15
129,Qaanaaq,GL,2022-01-30 18:40:46,77.484,-69.3632,-6.21,67,100,9.66
130,Natal,BR,2022-01-30 18:40:31,-5.795,-35.2094,88.02,66,40,6.91
131,Erenhot,CN,2022-01-30 18:40:46,43.6475,111.9767,6.42,91,100,16.44
132,Beringovskiy,RU,2022-01-30 18:40:46,63.05,179.3167,-12.35,100,100,7.65
133,Lipin Bor,RU,2022-01-30 18:40:47,60.2622,37.9763,16.32,92,100,11.52
134,Shenjiamen,CN,2022-01-30 18:40:47,29.9576,122.298,41.22,65,5,15.86
135,Omegna,IT,2022-01-30 18:40:48,45.8798,8.408,52.84,46,1,5.75
136,Saldanha,ZA,2022-01-30 18:40:48,-33.0117,17.9442,77.05,89,100,15.46
137,Awang,PH,2022-01-30 18:41:48,7.1531,124.2211,74.89,89,62,2.93
138,Narsaq,GL,2022-01-30 18:41:49,60.9167,-46.05,12.42,63,100,10.45
139,Virtsu,EE,2022-01-30 18:41:49,58.5716,23.5115,30.18,97,100,23.67
140,Xai-Xai,MZ,2022-01-30 18:41:49,-25.0519,33.6442,75.49,80,24,7.78
141,Ulladulla,AU,2022-01-30 18:41:50,-35.35,150.4667,68.9,92,74,2.46
142,Liverpool,GB,2022-01-30 18:41:45,53.4106,-2.9779,47.77,87,75,7.0
143,Goderich,CA,2022-01-30 18:41:50,43.7501,-81.7165,23.92,68,99,9.22
144,San Luis,AR,2022-01-30 18:41:51,-33.295,-66.3356,93.0,20,1,6.02
145,Coalinga,US,2022-01-30 18:41:51,36.1397,-120.3602,46.94,36,0,3.2
146,Zhangjiakou,CN,2022-01-30 18:41:52,40.81,114.8794,14.34,55,68,8.23
147,Norman Wells,CA,2022-01-30 18:41:52,65.282,-126.8329,-32.76,68,40,2.3
148,Mortka,RU,2022-01-30 18:41:52,59.3322,66.0214,3.72,98,100,1.97
149,Torbay,CA,2022-01-30 18:41:53,47.6666,-52.7314,47.17,84,100,28.77
150,Kruisfontein,ZA,2022-01-30 18:41:53,-34.0033,24.7314,72.88,87,100,12.28
151,Hithadhoo,MV,2022-01-30 18:41:54,-0.6,73.0833,81.7,70,100,8.39
152,Naze,JP,2022-01-30 18:41:54,28.3667,129.4833,52.52,69,100,21.27
153,Ewa Beach,US,2022-01-30 18:41:54,21.3156,-158.0072,77.59,73,0,3.44
154,San Antonio,US,2022-01-30 18:39:39,29.4241,-98.4936,68.65,41,0,1.99
155,Codrington,AU,2022-01-30 18:41:55,-38.2667,141.9667,61.65,98,46,6.53
156,Mercedes,AR,2022-01-30 18:41:55,-34.6515,-59.4307,87.51,25,0,7.65
157,Bambui,BR,2022-01-30 18:41:56,-20.0064,-45.9769,77.88,75,100,5.84
158,San Quintin,MX,2022-01-30 18:41:56,30.4833,-115.95,63.46,48,0,6.26
159,Ballina,AU,2022-01-30 18:41:56,-28.8667,153.5667,72.79,94,40,5.75
160,Los Llanos De Aridane,ES,2022-01-30 18:41:57,28.6585,-17.9182,62.35,84,20,1.01
161,Wenling,CN,2022-01-30 18:41:57,28.3669,121.36,37.9,78,7,5.57
162,Nago,JP,2022-01-30 18:41:58,26.5881,127.9761,59.07,64,99,21.07
163,Maniitsoq,GL,2022-01-30 18:41:58,65.4167,-52.9,13.82,81,100,7.76
164,Cidreira,BR,2022-01-30 18:38:23,-30.1811,-50.2056,76.55,60,0,16.75
165,Itacare,BR,2022-01-30 18:41:58,-14.2775,-38.9967,84.09,71,100,8.48
166,Darnah,LY,2022-01-30 18:41:59,32.767,22.6367,55.98,74,99,30.65
167,Padang,ID,2022-01-30 18:41:59,-0.9492,100.3543,75.25,91,100,2.77
168,Dolzhanskaya,RU,2022-01-30 18:42:00,46.6311,37.8039,34.92,80,100,25.41
169,Dyersburg,US,2022-01-30 18:42:00,36.0345,-89.3856,54.14,40,0,8.05
170,Calama,CL,2022-01-30 18:42:00,-22.4667,-68.9333,70.29,21,20,23.02
171,Santa Maria,BR,2022-01-30 18:42:01,-29.6842,-53.8069,83.5,61,20,9.22
172,Kalia,BD,2022-01-30 18:42:01,23.0396,89.6328,59.67,49,0,0.98
173,Souillac,MU,2022-01-30 18:42:01,-20.5167,57.5167,80.98,83,75,8.05
174,Malanje,AO,2022-01-30 18:42:02,-9.5402,16.341,64.87,96,100,4.68
175,Salym,RU,2022-01-30 18:42:02,60.0625,71.4789,-1.21,100,100,4.43
176,Kirovsk,UA,2022-01-30 18:42:03,48.6375,38.6428,32.36,93,100,17.07
177,Thompson,CA,2022-01-30 18:42:03,55.7435,-97.8558,3.36,78,20,4.61
178,Dingle,PH,2022-01-30 18:42:03,10.9995,122.6711,74.95,93,54,3.09
179,Vaini,TO,2022-01-30 18:42:04,-21.2,-175.2,80.64,75,100,10.92
180,Bengkulu,ID,2022-01-30 18:42:04,-3.8004,102.2655,75.79,92,100,4.09
181,Vanavara,RU,2022-01-30 18:42:05,60.34,102.2797,-17.55,100,100,1.23
182,Sobolevo,RU,2022-01-30 18:42:05,54.4299,31.8996,31.15,97,99,9.51
183,Russell,US,2022-01-30 18:42:05,32.3502,-85.1999,59.13,33,0,8.05
184,Bilibino,RU,2022-01-30 18:40:56,68.0546,166.4372,-10.46,93,99,4.83
185,Luorong,CN,2022-01-30 18:43:06,24.4058,109.6086,43.41,86,99,9.78
186,Hasaki,JP,2022-01-30 18:43:06,35.7333,140.8333,30.6,50,100,14.29
187,Geraldton,AU,2022-01-30 18:38:28,-28.7667,114.6,72.01,88,100,18.41
188,Port Hedland,AU,2022-01-30 18:43:07,-20.3167,118.5667,82.45,83,53,18.41
189,Trairi,BR,2022-01-30 18:41:20,-3.2778,-39.2689,77.38,87,100,5.77
190,Harper,LR,2022-01-30 18:43:07,4.375,-7.7169,80.6,82,58,7.61
191,Alvor,PT,2022-01-30 18:43:08,37.1299,-8.5917,60.67,60,0,2.51
192,Zhumadian,CN,2022-01-30 18:43:08,32.9794,114.0294,34.54,77,100,5.32
193,Kichera,RU,2022-01-30 18:43:09,55.9375,110.0997,-7.17,96,100,1.39
194,Yulara,AU,2022-01-30 18:43:09,-25.2406,130.9889,73.24,100,100,13.8
195,Cam Ranh,VN,2022-01-30 18:43:09,11.9214,109.1591,73.36,88,20,2.3
196,Dudinka,RU,2022-01-30 18:43:10,69.4058,86.1778,-14.01,99,87,8.43
197,Bahraich,IN,2022-01-30 18:43:10,27.5833,81.6,53.2,67,0,2.86
198,Dryden,CA,2022-01-30 18:43:10,49.7833,-92.7503,3.49,85,0,4.61
199,San Vicente,AR,2022-01-30 18:43:11,-26.6167,-54.1333,83.7,40,48,4.56
200,Pevek,RU,2022-01-30 18:43:11,69.7008,170.3133,-11.42,95,100,3.67
201,Willowmore,ZA,2022-01-30 18:43:12,-33.2926,23.4895,77.16,47,72,7.61
202,Juneau,US,2022-01-30 18:43:12,58.3019,-134.4197,35.22,98,100,1.01
203,Anan,JP,2022-01-30 18:43:12,33.9167,134.65,40.78,83,86,13.73
204,Batemans Bay,AU,2022-01-30 18:43:13,-35.7167,150.1833,72.19,95,63,2.21
205,Fairbanks,US,2022-01-30 18:39:13,64.8378,-147.7164,-26.01,71,40,0.0
206,Zheleznodorozhnyy,RU,2022-01-30 18:43:13,55.7503,38.0042,27.21,95,100,11.63
207,Terney,RU,2022-01-30 18:43:14,45.0503,136.6092,0.5,83,2,11.12
208,Ust-Omchug,RU,2022-01-30 18:43:14,61.15,149.6333,-16.73,100,86,6.33
209,Hualmay,PE,2022-01-30 18:43:14,-11.0964,-77.6139,75.15,71,100,11.23
210,Namatanai,PG,2022-01-30 18:43:15,-3.6667,152.4333,78.71,81,100,3.22
211,Mayo,US,2022-01-30 18:43:15,38.8876,-76.5119,32.74,41,40,1.99
212,Bonavista,CA,2022-01-30 18:43:16,48.6499,-53.1147,39.2,75,100,36.37
213,Namibe,AO,2022-01-30 18:43:16,-15.1961,12.1522,73.22,73,100,6.31
214,Lasa,IT,2022-01-30 18:43:16,46.6166,10.7002,48.11,67,17,7.83
215,Portland,US,2022-01-30 18:40:00,45.5234,-122.6762,49.37,73,75,8.01
216,Longyearbyen,SJ,2022-01-30 18:40:52,78.2186,15.6401,8.44,66,0,24.16
217,Tianpeng,CN,2022-01-30 18:43:17,30.9866,103.9393,37.87,77,100,2.62
218,Oda,JP,2022-01-30 18:43:17,35.1833,132.5,39.92,72,92,12.15
219,Vila Velha,BR,2022-01-30 18:43:18,-20.3297,-40.2925,84.15,65,75,10.36
220,Bredasdorp,ZA,2022-01-30 18:43:18,-34.5322,20.0403,71.28,83,100,12.66
221,Chicama,PE,2022-01-30 18:43:19,-7.8447,-79.1469,68.54,59,100,11.99
222,Ilhabela,BR,2022-01-30 18:43:19,-23.7781,-45.3581,74.5,92,100,1.61
223,Port Lincoln,AU,2022-01-30 18:43:19,-34.7333,135.8667,65.89,85,2,9.64
224,Alexandria,EG,2022-01-30 18:41:04,31.2156,29.9553,55.36,71,40,6.91
225,Labuhan,ID,2022-01-30 18:43:20,-6.8844,112.2051,77.74,88,100,6.73
226,Stawell,AU,2022-01-30 18:43:20,-37.05,142.7667,65.37,92,3,4.9
227,Bethel,US,2022-01-30 18:43:21,41.3712,-73.414,25.54,48,0,9.22
228,Alofi,NU,2022-01-30 18:43:21,-19.0595,-169.9187,73.29,94,100,2.3
229,Verkhnyaya Inta,RU,2022-01-30 18:43:21,65.9811,60.3094,1.2,90,98,5.35
230,Maceio,BR,2022-01-30 18:42:00,-9.6658,-35.7353,90.84,55,40,17.27
231,Srednekolymsk,RU,2022-01-30 18:43:22,67.45,153.6833,-23.66,99,100,4.74
232,Faanui,PF,2022-01-30 18:43:22,-16.4833,-151.75,80.13,72,44,7.36
233,Feijo,BR,2022-01-30 18:43:23,-8.1642,-70.3536,88.38,52,100,1.52
234,Castro,BR,2022-01-30 18:43:23,-24.7911,-50.0119,63.95,98,100,5.23
235,Cabo San Lucas,MX,2022-01-30 18:44:23,22.8909,-109.9124,80.51,65,20,6.91
236,Bandarbeyla,SO,2022-01-30 18:44:24,9.4942,50.8122,75.94,73,98,15.55
237,Flin Flon,CA,2022-01-30 18:44:24,54.7682,-101.865,6.64,72,100,5.75
238,Esperance,AU,2022-01-30 18:44:24,-33.8667,121.9,67.84,66,74,9.17
239,Cherskiy,RU,2022-01-30 18:44:25,68.75,161.3,-24.81,98,100,4.03
240,Virginia Beach,US,2022-01-30 18:43:06,36.8529,-75.978,36.01,44,0,6.91
241,Berlevag,NO,2022-01-30 18:44:25,70.8578,29.0864,30.2,71,100,22.73
242,Kalengwa,ZM,2022-01-30 18:44:26,-13.4659,25.0027,65.35,96,100,4.03
243,Howard Springs,AU,2022-01-30 18:44:26,-12.497,131.047,84.11,93,100,14.54
244,Mashhad,IR,2022-01-30 18:44:27,36.297,59.6062,35.74,75,0,4.61
245,Saint-Philippe,RE,2022-01-30 18:44:27,-21.3585,55.7679,80.19,81,33,10.98
246,Balkanabat,TM,2022-01-30 18:44:28,39.5108,54.3671,45.77,48,85,8.66
247,Phonhong,LA,2022-01-30 18:44:28,18.5007,102.4166,68.36,67,96,1.79
248,Makakilo City,US,2022-01-30 18:44:28,21.3469,-158.0858,76.19,73,0,3.44
249,Yaan,NG,2022-01-30 18:44:29,7.3833,8.5667,83.48,12,100,6.33
250,Baruun-Urt,MN,2022-01-30 18:44:29,46.6806,113.2792,-7.55,96,37,5.23
251,Qui Nhon,VN,2022-01-30 18:44:29,13.7667,109.2333,75.22,84,99,6.4
252,Meulaboh,ID,2022-01-30 18:44:30,4.1363,96.1285,77.54,83,99,2.48
253,Olafsvik,IS,2022-01-30 18:44:30,64.8945,-23.7142,28.96,57,100,37.02
254,Vila Do Maio,CV,2022-01-30 18:44:31,15.1333,-23.2167,70.59,71,100,20.87
255,Plouzane,FR,2022-01-30 18:44:32,48.3833,-4.6167,50.09,100,100,5.75
256,Dawlatabad,AF,2022-01-30 18:44:32,36.4141,64.9053,41.09,79,0,2.15
257,Pisco,PE,2022-01-30 18:44:32,-13.7,-76.2167,74.01,68,0,10.36
258,Te Anau,NZ,2022-01-30 18:44:33,-45.4167,167.7167,55.99,92,31,0.45
259,Alamosa,US,2022-01-30 18:44:33,37.4695,-105.87,45.66,43,0,5.75
260,Port Elizabeth,ZA,2022-01-30 18:44:34,-33.918,25.5701,75.09,87,100,15.57
261,Iranshahr,IR,2022-01-30 18:44:34,27.2025,60.6848,61.14,48,0,0.0
262,San Antero,CO,2022-01-30 18:44:34,9.3741,-75.7589,85.62,65,54,12.59
263,Nuuk,GL,2022-01-30 18:44:35,64.1835,-51.7216,14.61,85,75,5.75
264,Maridi,SS,2022-01-30 18:44:35,4.9158,29.4742,75.51,24,94,4.56
265,Kavieng,PG,2022-01-30 18:44:36,-2.5744,150.7967,80.96,75,35,0.74
266,Shobara,JP,2022-01-30 18:44:36,34.85,133.0167,28.89,93,21,4.43
267,Westport,US,2022-01-30 18:44:00,41.1415,-73.3579,27.41,43,0,1.99
268,Castleisland,IE,2022-01-30 18:44:37,52.2333,-9.4667,46.06,81,96,16.62
269,Anchorage,US,2022-01-30 18:40:04,61.2181,-149.9003,22.21,89,100,4.61
270,Sao Joao Da Barra,BR,2022-01-30 18:44:37,-21.6403,-41.0511,87.89,78,18,9.84
271,Banjar,ID,2022-01-30 18:44:38,-8.19,114.9675,82.26,91,100,3.94
272,Villa Bruzual,VE,2022-01-30 18:44:38,9.3328,-69.1208,95.5,22,32,7.61
273,Vestmannaeyjar,IS,2022-01-30 18:44:38,63.4427,-20.2734,29.39,74,40,41.43
274,Kahului,US,2022-01-30 18:44:39,20.8947,-156.47,75.85,70,0,0.0
275,Tessalit,ML,2022-01-30 18:44:39,20.1986,1.0114,74.68,14,4,11.59
276,Nazare,BR,2022-01-30 18:44:39,-13.035,-39.0144,85.68,59,55,6.6
277,Half Moon Bay,US,2022-01-30 18:43:26,37.4636,-122.4286,61.92,80,75,3.0
278,Wawa,NG,2022-01-30 18:44:40,9.9022,4.4192,81.5,16,100,5.55
279,Magadi,IN,2022-01-30 18:45:40,12.9667,77.2333,71.94,70,3,3.96
280,College,US,2022-01-30 18:45:41,64.8569,-147.8028,-25.35,71,75,0.0
281,Fort Nelson,CA,2022-01-30 18:43:10,58.8053,-122.7002,-0.81,78,100,6.91
282,Deputatskiy,RU,2022-01-30 18:45:41,69.3,139.9,-24.84,100,87,2.48
283,Raton,US,2022-01-30 18:45:42,36.9034,-104.4391,57.33,16,0,6.91
284,Kingsland,US,2022-01-30 18:42:24,30.8,-81.6898,57.04,28,0,7.11
285,Thinadhoo,MV,2022-01-30 18:45:42,0.5333,72.9333,81.82,74,88,10.67
286,Constitucion,CL,2022-01-30 18:45:43,-35.3333,-72.4167,69.96,63,4,19.62
287,Praia Da Vitoria,PT,2022-01-30 18:45:43,38.7333,-27.0667,59.76,82,40,21.88
288,Sorland,NO,2022-01-30 18:45:44,67.667,12.6934,33.66,48,100,13.51
289,Huanren,CN,2022-01-30 18:45:44,41.2647,125.3667,5.5,89,4,1.81
290,Kantang,TH,2022-01-30 18:45:44,7.4054,99.5156,74.34,92,16,3.27
291,Chapais,CA,2022-01-30 18:45:45,49.7834,-74.8492,1.18,82,100,9.91
292,Show Low,US,2022-01-30 18:44:25,34.2542,-110.0298,44.89,55,20,9.22
293,Sakhipur,BD,2022-01-30 18:45:45,24.3,90.1833,62.47,50,0,2.8
294,Lagoa,PT,2022-01-30 18:45:46,39.05,-27.9833,57.78,68,36,23.47
295,Fare,PF,2022-01-30 18:45:46,-16.7,-151.0167,80.15,73,63,9.86
296,Coihaique,CL,2022-01-30 18:42:15,-45.5752,-72.0662,57.81,44,40,8.05
297,Pacific Grove,US,2022-01-30 18:45:47,36.6177,-121.9166,66.63,56,0,4.0
298,Praia,CV,2022-01-30 18:45:47,14.9215,-23.5087,70.34,68,100,31.07
299,Cairns,AU,2022-01-30 18:45:47,-16.9167,145.7667,77.07,97,100,1.14
300,Yar-Sale,RU,2022-01-30 18:45:48,66.8333,70.8333,-0.54,95,100,7.54
301,Inirida,CO,2022-01-30 18:45:48,3.8653,-67.9239,95.85,29,10,2.3
302,Umm Kaddadah,SD,2022-01-30 18:45:49,13.6017,26.6876,62.02,14,2,12.62
303,Beloha,MG,2022-01-30 18:45:49,-25.1667,45.05,74.01,69,100,15.23
304,Ahipara,NZ,2022-01-30 18:45:49,-35.1667,173.1667,62.91,88,100,8.84
305,Bardiyah,LY,2022-01-30 18:45:50,31.7561,25.0865,56.73,75,98,27.38
306,Tual,ID,2022-01-30 18:45:50,-5.6667,132.75,83.79,76,100,19.26
307,Jalu,LY,2022-01-30 18:45:51,29.0331,21.5482,55.0,60,31,16.06
308,Znamenskoye,RU,2022-01-30 18:45:51,57.1281,73.8282,6.94,96,96,6.49
309,Sitka,US,2022-01-30 18:45:51,57.0531,-135.33,37.29,70,100,10.36
310,Hami,CN,2022-01-30 18:45:52,42.8,93.45,23.97,40,100,0.96
311,Oranjemund,NA,2022-01-30 18:45:52,-28.55,16.4333,68.41,78,99,3.65
312,Jacareacanga,BR,2022-01-30 18:45:52,-6.2222,-57.7528,79.65,76,96,4.59
313,Seminole,US,2022-01-30 18:44:36,28.7086,-81.2081,57.02,28,0,3.0
314,Aginskoye,RU,2022-01-30 18:45:53,51.1,114.53,-14.35,97,5,6.02
315,Komatipoort,ZA,2022-01-30 18:45:53,-25.4332,31.9548,75.06,97,94,3.8
316,Ossora,RU,2022-01-30 18:45:54,59.2353,163.0719,31.35,86,100,20.6
317,Nabire,ID,2022-01-30 18:45:54,-3.3667,135.4833,74.23,89,100,2.53
318,Pierre,US,2022-01-30 18:45:54,44.3683,-100.351,32.92,59,0,10.36
319,Road Town,VG,2022-01-30 18:45:55,18.4167,-64.6167,82.44,65,40,9.22
320,Muscatine,US,2022-01-30 18:45:55,41.4667,-91.1335,28.49,58,0,1.99
321,Lazaro Cardenas,MX,2022-01-30 18:45:56,17.9583,-102.2,83.25,52,0,7.52
322,Elverum,NO,2022-01-30 18:45:56,60.8819,11.5623,24.06,90,24,2.91
323,Guarapari,BR,2022-01-30 18:42:28,-20.6667,-40.4975,84.09,75,90,5.37
324,Cabedelo,BR,2022-01-30 18:45:56,-6.9811,-34.8339,88.47,68,79,14.07
325,Noumea,NC,2022-01-30 18:45:57,-22.2763,166.4572,81.0,99,100,9.57
326,Chauk,MM,2022-01-30 18:46:57,20.8833,94.8167,61.32,41,0,0.85
327,Baijiantan,CN,2022-01-30 18:46:58,45.6333,85.1833,4.89,95,100,2.86
328,Malinyi,TZ,2022-01-30 18:46:58,-8.9333,36.1333,71.71,96,100,1.59
329,Chipinge,ZW,2022-01-30 18:46:59,-20.1883,32.6236,62.8,84,100,4.41
330,Ravar,IR,2022-01-30 18:46:59,31.2656,56.8055,45.57,37,21,2.64
331,Lewistown,US,2022-01-30 18:46:59,40.5992,-77.5714,25.54,78,100,3.44
332,Yandyki,RU,2022-01-30 18:47:00,45.7691,47.1258,33.44,71,14,4.5
333,Barcelos,PT,2022-01-30 18:44:54,41.5388,-8.6151,58.84,62,2,3.42
334,Borgo San Lorenzo,IT,2022-01-30 18:47:00,43.9553,11.3835,50.74,91,31,1.45
335,Ilulissat,GL,2022-01-30 18:46:59,69.2167,-51.1,8.62,66,75,17.27
336,Kenai,US,2022-01-30 18:47:01,60.5544,-151.2583,21.25,86,100,4.61
337,Sangerhausen,DE,2022-01-30 18:47:01,51.4667,11.3,41.05,70,69,14.2
338,Milas,TR,2022-01-30 18:47:02,37.3164,27.7839,47.55,93,75,4.61
339,Erdenet,MN,2022-01-30 18:47:02,49.0333,104.0833,-11.22,94,13,3.76
340,Carutapera,BR,2022-01-30 18:47:03,-1.195,-46.02,75.36,93,100,6.87
341,Balabac,PH,2022-01-30 18:47:03,7.9868,117.0645,79.66,79,9,3.24
342,Todos Santos,MX,2022-01-30 18:46:08,23.45,-110.2167,81.01,59,68,10.67
343,Carsamba,TR,2022-01-30 18:47:04,41.1989,36.7219,46.15,53,75,6.91
344,Anadyr,RU,2022-01-30 18:47:04,64.75,177.4833,-19.7,82,75,1.99
345,Mandurah,AU,2022-01-30 18:47:04,-32.55,115.7,70.21,75,1,19.13
346,Guadalupe Y Calvo,MX,2022-01-30 18:47:05,26.1,-106.9667,57.42,25,52,12.28
347,Burgersdorp,ZA,2022-01-30 18:47:05,-30.9977,26.3286,74.43,38,100,4.0
348,Kem,RU,2022-01-30 18:47:05,64.9555,34.5793,13.42,97,100,5.08
349,Mudanjiang,CN,2022-01-30 18:47:06,44.5833,129.6,-6.43,98,35,4.14
350,Quatre Cocos,MU,2022-01-30 18:47:06,-20.2078,57.7625,80.71,83,100,18.92
351,Luderitz,NA,2022-01-30 18:47:07,-26.6481,15.1594,67.96,81,87,10.33
352,Itarema,BR,2022-01-30 18:43:15,-2.9248,-39.9167,76.08,84,100,11.12
353,Taormina,IT,2022-01-30 18:47:07,37.8536,15.2885,53.28,60,0,6.82
354,Sanmenxia,CN,2022-01-30 18:47:08,34.7747,111.1814,27.45,56,58,6.04
355,Shakawe,BW,2022-01-30 18:47:08,-18.3667,21.85,67.8,88,100,7.43
356,Merauke,ID,2022-01-30 18:47:09,-8.4667,140.3333,77.36,85,100,4.92
357,Minsk,BY,2022-01-30 18:47:09,53.9,27.5667,31.75,96,75,6.51
358,Pangnirtung,CA,2022-01-30 18:47:09,66.1451,-65.7125,-16.6,63,75,4.61
359,Sao Pedro Do Sul,BR,2022-01-30 18:47:10,-29.6206,-54.1789,83.05,41,59,6.26
360,Bud,US,2022-01-30 18:47:10,39.447,-86.1758,40.12,54,61,11.9
361,Shingu,JP,2022-01-30 18:47:10,33.7333,135.9833,36.55,76,95,7.61
362,Matara,LK,2022-01-30 18:47:11,5.9485,80.5353,76.41,91,22,7.63
363,North Bend,US,2022-01-30 18:47:11,43.4065,-124.2243,50.07,100,100,6.98
364,Chimbote,PE,2022-01-30 18:47:12,-9.0853,-78.5783,75.31,72,99,11.86
365,Progreso,MX,2022-01-30 18:45:14,21.2833,-89.6667,77.11,47,1,11.52
366,Faya,SA,2022-01-30 18:47:12,18.3851,42.4509,55.51,81,16,5.1
367,Zhanaozen,KZ,2022-01-30 18:47:13,43.3,52.8,39.63,80,100,12.53
368,Katsuura,JP,2022-01-30 18:47:13,35.1333,140.3,40.19,60,100,12.17
369,Yumbe,UG,2022-01-30 18:47:13,3.4651,31.2469,78.26,25,87,8.46
370,Basco,PH,2022-01-30 18:48:14,20.4487,121.9702,70.84,77,98,33.13
371,Nehe,CN,2022-01-30 18:48:14,48.4833,124.8333,-15.68,99,31,4.5
372,Newport,GB,2022-01-30 18:44:14,51.5877,-2.9984,48.25,90,100,1.99
373,Ciudad Bolivar,VE,2022-01-30 18:48:15,8.1222,-63.5497,93.54,25,68,7.14
374,Kathmandu,NP,2022-01-30 18:48:04,27.7167,85.3167,44.82,93,40,3.44
375,Lavrentiya,RU,2022-01-30 18:48:16,65.5833,-171.0,-5.12,89,3,5.1
376,Lompoc,US,2022-01-30 18:43:28,34.6391,-120.4579,73.13,43,0,3.0
377,Saurimo,AO,2022-01-30 18:48:16,-9.6608,20.3916,65.73,92,95,2.55
378,Xinye,CN,2022-01-30 18:48:17,32.5186,112.3522,36.75,76,100,2.91
379,Benjamin Hill,MX,2022-01-30 18:48:17,30.1667,-111.1,67.17,18,0,8.72
380,Vostok,RU,2022-01-30 18:48:17,46.4856,135.8833,-21.75,99,63,3.65
381,Cap Malheureux,MU,2022-01-30 18:48:18,-19.9842,57.6142,81.09,75,98,1.99
382,Severo-Yeniseyskiy,RU,2022-01-30 18:48:18,60.3725,93.0408,-6.59,99,99,2.93
383,Nelson,NZ,2022-01-30 18:46:08,-41.2833,173.2833,60.3,79,12,1.99
384,Neuquen,AR,2022-01-30 18:48:19,-38.9516,-68.0591,80.49,18,0,12.66
385,Clyde River,CA,2022-01-30 18:48:19,70.4692,-68.5914,-16.37,69,75,2.3
386,Huangmei,CN,2022-01-30 18:48:20,30.1924,116.025,35.89,84,100,4.29
387,Marrakesh,MA,2022-01-30 18:48:20,31.6315,-8.0083,73.47,23,40,16.11
388,Dunedin,NZ,2022-01-30 18:47:38,-45.8742,170.5036,61.81,88,0,5.99
389,Shimoda,JP,2022-01-30 18:48:21,34.6667,138.95,37.11,62,96,10.49
390,Uwajima,JP,2022-01-30 18:48:21,33.2238,132.56,39.76,72,13,11.61
391,Marzuq,YE,2022-01-30 18:48:22,14.4,46.4667,63.48,78,6,6.49
392,Araguacu,BR,2022-01-30 18:48:22,-12.9306,-49.8264,76.44,89,100,5.23
393,Cumana,VE,2022-01-30 18:48:22,10.4635,-64.1775,80.69,70,92,11.99
394,Nome,US,2022-01-30 18:48:23,64.5011,-165.4064,-7.89,70,0,0.0
395,Bose,IT,2022-01-30 18:48:23,45.4612,8.0137,51.76,45,0,3.98
396,Majene,ID,2022-01-30 18:48:23,-3.5403,118.9707,77.54,81,100,4.63
397,Canakkale,TR,2022-01-30 18:48:24,40.0833,26.8333,41.61,83,1,4.97
398,Vao,NC,2022-01-30 18:48:25,-22.6667,167.4833,78.96,87,100,9.37
399,Kuruman,ZA,2022-01-30 18:48:25,-27.4524,23.4325,64.99,78,72,13.31
400,Bambous Virieux,MU,2022-01-30 18:48:25,-20.3428,57.7575,80.85,83,75,8.05
401,Villacarrillo,ES,2022-01-30 18:48:26,38.1156,-3.0848,46.0,30,3,3.11
402,Ionia,US,2022-01-30 18:47:30,42.9873,-85.0711,26.28,70,100,0.0
403,Gaogou,CN,2022-01-30 18:48:27,34.0175,119.1886,32.67,68,7,7.05
404,Paita,PE,2022-01-30 18:48:09,-5.0892,-81.1144,84.76,69,85,10.89
405,Gigmoto,PH,2022-01-30 18:48:27,13.7796,124.39,76.71,89,21,7.81
406,Ugoofaaru,MV,2022-01-30 18:48:28,5.6667,73.0,81.36,77,58,13.98
407,Afrikanda,RU,2022-01-30 18:48:28,67.4429,32.7828,-4.34,100,66,3.2
408,Dvinskoy,RU,2022-01-30 18:48:28,62.1535,45.1175,4.26,98,79,5.03
409,Flinders,AU,2022-01-30 18:48:29,-34.5833,150.8552,70.38,85,46,3.02
410,Copiapo,CL,2022-01-30 18:48:29,-27.3667,-70.3333,78.39,42,0,10.8
411,Ucluelet,CA,2022-01-30 18:46:08,48.9329,-125.5528,48.09,94,100,4.0
412,Sangmelima,CM,2022-01-30 18:48:30,2.9333,11.9833,73.11,30,100,1.48
413,La Ronge,CA,2022-01-30 18:46:13,55.1001,-105.2842,12.45,85,100,9.22
414,Am Timan,TD,2022-01-30 18:48:31,11.0297,20.2827,79.23,15,4,4.7
415,Itapetinga,BR,2022-01-30 18:49:31,-15.2489,-40.2478,88.61,49,66,5.99
416,Polis,CY,2022-01-30 18:49:31,35.0367,32.4264,51.62,86,100,7.14
417,Baykit,RU,2022-01-30 18:49:32,61.67,96.37,-7.33,99,100,0.58
418,Blyth,GB,2022-01-30 18:49:32,55.1271,-1.5086,43.14,86,100,3.0
419,Jertih,MY,2022-01-30 18:49:33,5.7336,102.4897,75.07,86,57,3.51
420,Eyl,SO,2022-01-30 18:49:33,7.9803,49.8164,75.33,75,100,15.93
421,Bjornevatn,NO,2022-01-30 18:49:33,69.6672,29.9847,20.82,92,0,9.22
422,Nouakchott,MR,2022-01-30 18:49:34,18.0858,-15.9785,71.53,66,100,18.5
423,Nyrob,RU,2022-01-30 18:49:34,60.733,56.7202,-1.34,99,93,2.86
424,El Dorado,US,2022-01-30 18:49:35,38.7666,-120.5177,56.86,32,6,3.94
425,Borazjan,IR,2022-01-30 18:49:35,29.2666,51.2159,60.13,50,80,0.96
426,Iskateley,RU,2022-01-30 18:49:35,67.6803,53.1512,11.7,92,100,13.78
427,Poum,NC,2022-01-30 18:49:36,-20.2333,164.0167,79.72,78,100,8.5
428,Port Hardy,CA,2022-01-30 18:46:11,50.6996,-127.4199,41.18,93,100,6.91
429,Coquimbo,CL,2022-01-30 18:49:36,-29.9533,-71.3436,67.96,73,35,10.07
430,Ziyang,CN,2022-01-30 18:49:37,29.2497,117.8547,33.53,91,12,1.83
431,San Jose,US,2022-01-30 18:46:39,37.3394,-121.895,62.49,55,20,3.0
432,Ibirataia,BR,2022-01-30 18:49:37,-14.0669,-39.6406,81.01,75,100,4.03
433,Rocha,UY,2022-01-30 18:49:37,-34.4833,-54.3333,83.05,43,0,9.1
434,Pozo Colorado,PY,2022-01-30 18:49:38,-23.4923,-58.7972,100.8,16,0,4.32
435,Sakakah,SA,2022-01-30 18:49:38,29.9697,40.2064,54.97,41,100,13.51
436,Ankpa,NG,2022-01-30 18:49:39,7.3706,7.6253,77.72,14,100,5.32
437,San Patricio,US,2022-01-30 18:49:39,28.017,-97.5169,71.69,48,3,12.44
438,Saint Andrews,US,2022-01-30 18:49:39,34.0454,-81.1293,52.86,26,40,13.8
439,Quimper,FR,2022-01-30 18:49:40,48.0,-4.1,49.6,93,100,5.75
440,Alyangula,AU,2022-01-30 18:49:40,-13.8483,136.4192,80.47,89,75,9.22
441,Verkhnetulomskiy,RU,2022-01-30 18:49:40,68.6073,31.7962,2.55,99,96,3.31
442,Leshukonskoye,RU,2022-01-30 18:49:41,64.8989,45.7622,10.17,95,100,6.51
443,Omboue,GA,2022-01-30 18:45:51,-1.5746,9.2618,79.12,81,100,4.34
444,Komsomolskiy,UZ,2022-01-30 18:49:41,40.4272,71.7189,35.02,86,100,4.61
445,Burnie,AU,2022-01-30 18:49:42,-41.0667,145.9167,61.92,93,42,4.99
446,Quebrangulo,BR,2022-01-30 18:49:42,-9.3189,-36.4711,87.49,42,100,13.2
447,Ndioum,SN,2022-01-30 18:49:42,16.5129,-14.6471,93.09,10,100,4.76
448,Tukrah,LY,2022-01-30 18:49:43,32.5341,20.5791,55.06,69,100,21.16
449,Najran,SA,2022-01-30 18:49:43,17.4924,44.1277,65.05,26,28,3.24
450,Daoukro,CI,2022-01-30 18:49:44,7.0591,-3.9631,82.6,15,50,4.05
451,Kaliua,TZ,2022-01-30 18:49:44,-5.0606,31.7936,67.14,95,100,5.7
452,Rantepao,ID,2022-01-30 18:49:44,-2.9701,119.8978,67.03,90,100,2.73
453,Abu Samrah,SY,2022-01-30 18:49:45,35.3029,37.1841,44.74,70,81,6.6
454,Guerrero Negro,MX,2022-01-30 18:49:45,27.9769,-114.0611,64.92,55,97,13.78
455,Kalianget,ID,2022-01-30 18:49:45,-7.05,113.9333,78.15,86,100,8.03
456,Ust-Nera,RU,2022-01-30 18:49:46,64.5667,143.2,-13.02,99,100,1.41
457,Fukue,JP,2022-01-30 18:49:46,32.6881,128.8419,45.05,56,6,21.56
458,Nanakuli,US,2022-01-30 18:49:47,21.3906,-158.1547,77.61,77,0,3.44
459,Tarakan,ID,2022-01-30 18:49:17,3.3,117.6333,78.3,94,20,1.14
460,Leningradskiy,RU,2022-01-30 18:49:47,69.3833,178.4167,-9.45,93,100,0.69
461,Fonte Boa,BR,2022-01-30 18:49:47,-2.4959,-66.2662,86.38,62,100,3.11
462,Adamas,GR,2022-01-30 18:49:48,36.7333,24.4333,53.46,72,97,9.08
463,Ciucea,RO,2022-01-30 18:49:48,46.95,22.8167,37.24,87,100,16.67
464,Sapulpa,US,2022-01-30 18:50:49,35.9987,-96.1142,58.86,29,0,3.44
465,Tsiroanomandidy,MG,2022-01-30 18:50:49,-18.7667,46.0333,70.93,88,42,1.81
466,Chapada Dos Guimaraes,BR,2022-01-30 18:50:16,-15.4606,-55.7497,69.46,94,100,4.88
467,Rennes,FR,2022-01-30 18:50:49,48.1667,-1.6667,45.18,81,0,1.14
468,Gannavaram,IN,2022-01-30 18:46:19,16.5333,80.8,63.84,72,1,0.27
469,Koungou,YT,2022-01-30 18:50:50,-12.7336,45.2042,82.11,78,0,6.91
470,Lashio,MM,2022-01-30 18:50:51,22.9333,97.75,46.67,86,0,1.57
471,Mlimba,TZ,2022-01-30 18:50:51,-8.8,35.8167,72.28,97,100,2.37
472,Ibadan,NG,2022-01-30 18:46:44,7.3878,3.8964,81.59,13,98,5.23
473,Peace River,CA,2022-01-30 18:49:00,56.2501,-117.286,14.31,73,75,14.97
474,Vung Tau,VN,2022-01-30 18:50:52,10.346,107.0843,77.74,81,52,18.12
475,Mega,ET,2022-01-30 18:50:52,4.05,38.3,66.74,25,56,9.19
476,Lanciano,IT,2022-01-30 18:50:52,42.2167,14.3882,42.22,65,0,5.08
477,Chara,RU,2022-01-30 18:50:53,56.9064,118.2631,-19.39,90,49,1.21
478,Tilichiki,RU,2022-01-30 18:50:53,60.4667,166.1,23.85,79,100,15.75
479,Saint-Georges,GD,2022-01-30 18:48:15,12.0564,-61.7485,83.88,70,20,24.16
480,La Gloria,CO,2022-01-30 18:50:54,8.6187,-73.8027,93.16,36,88,5.39
481,Prince Rupert,CA,2022-01-30 18:50:54,54.3161,-130.3201,38.89,93,100,6.91
482,Seguin,US,2022-01-30 18:47:38,29.5688,-97.9647,68.61,41,0,7.0
483,Tautira,PF,2022-01-30 18:50:55,-17.7333,-149.15,77.02,76,96,10.96
484,Tarsus,TR,2022-01-30 18:47:49,36.9188,34.8784,49.87,79,91,8.66
485,Whitianga,NZ,2022-01-30 18:50:55,-36.8333,175.7,68.02,80,52,7.07
486,Charters Towers,AU,2022-01-30 18:50:56,-20.1,146.2667,73.11,83,0,4.25
487,Monticello,US,2022-01-30 18:50:56,45.3055,-93.7941,21.88,67,0,0.0
488,Bilma,NE,2022-01-30 18:50:57,18.6853,12.9164,63.05,15,0,13.67
489,Anloga,GH,2022-01-30 18:50:57,5.7947,0.8973,84.42,58,100,11.18
490,Salalah,OM,2022-01-30 18:47:46,17.0151,54.0924,75.29,69,0,3.44
491,Jiaozuo,CN,2022-01-30 18:48:58,35.2397,113.2331,34.72,35,2,12.46
492,Tutoia,BR,2022-01-30 18:50:58,-2.7619,-42.2744,89.58,66,93,11.12
493,Henties Bay,NA,2022-01-30 18:50:59,-22.116,14.2845,66.85,80,100,4.94
494,Tema,GH,2022-01-30 18:50:59,5.667,-0.0166,84.61,54,100,6.91
495,Maryborough,AU,2022-01-30 18:50:59,-25.5333,152.7,69.67,98,29,4.23
496,Dunmore Town,BS,2022-01-30 18:51:00,25.5,-76.65,64.04,61,100,13.02
497,San Juan Del Sur,NI,2022-01-30 18:51:00,11.2529,-85.8705,86.22,51,20,13.8
498,Moron,AR,2022-01-30 18:46:37,-34.6534,-58.6198,89.02,50,0,4.0
499,Tonj,SS,2022-01-30 18:51:01,7.2737,28.6822,77.67,18,100,5.35
500,Goba,ET,2022-01-30 18:51:01,7.0167,39.9833,51.22,40,11,4.12
501,Ratnagiri,IN,2022-01-30 18:51:01,16.9833,73.3,72.05,65,0,5.91
502,Celica,EC,2022-01-30 18:51:02,-4.1167,-79.95,66.79,83,98,1.01
503,Pasni,PK,2022-01-30 18:51:03,25.2631,63.471,71.76,76,0,14.54
504,Jalor,IN,2022-01-30 18:51:03,25.35,72.6167,61.61,53,0,4.9
505,Byron Bay,AU,2022-01-30 18:51:03,-28.65,153.6167,73.35,89,78,7.11
506,Umtata,ZA,2022-01-30 18:51:04,-31.5889,28.7844,72.16,83,0,10.36
507,Mulanje,MW,2022-01-30 18:52:04,-16.0316,35.5,68.85,95,5,4.14
508,San Cristobal,VE,2022-01-30 18:52:05,7.7669,-72.225,69.98,50,99,6.15
509,Lewiston,US,2022-01-30 18:52:05,44.1003,-70.2148,22.82,50,0,14.97
510,Kamenka,RU,2022-01-30 18:52:05,51.3223,42.7678,23.76,94,100,13.13
511,Odweyne,SO,2022-01-30 18:52:06,9.4092,45.064,62.11,52,11,8.19
512,Karachi,PK,2022-01-30 18:48:22,24.9056,67.0822,71.42,78,40,9.22
513,Mantua,IT,2022-01-30 18:52:06,45.1667,10.7833,47.28,87,0,3.0
514,Midyat,TR,2022-01-30 18:52:07,37.4247,41.3393,36.68,86,70,1.45
515,Talaya,RU,2022-01-30 18:52:07,61.3833,152.75,-18.31,100,100,4.32
516,Cayenne,GF,2022-01-30 18:52:07,4.9333,-52.3333,82.44,85,100,5.01
517,Venado Tuerto,AR,2022-01-30 18:48:13,-33.7456,-61.9688,88.79,22,0,7.14
518,Zhigalovo,RU,2022-01-30 18:52:08,54.8097,105.1578,-9.08,100,100,1.72
519,Reconquista,AR,2022-01-30 18:50:11,-29.15,-59.65,95.34,17,0,8.12
520,Sisimiut,GL,2022-01-30 18:52:08,66.9395,-53.6735,10.58,82,100,17.0
521,Bonfim,BR,2022-01-30 18:52:09,3.0833,-59.95,91.35,26,56,8.01
522,Beidao,CN,2022-01-30 18:52:09,34.5686,105.8933,11.32,91,82,1.1
523,U Thong,TH,2022-01-30 18:52:10,14.3751,99.8923,73.29,69,11,6.33
524,Port Blair,IN,2022-01-30 18:52:10,11.6667,92.75,73.44,78,20,1.14
525,Hun,LY,2022-01-30 18:52:11,29.1268,15.9477,50.04,51,4,6.35
526,Gamba,GA,2022-01-30 18:52:11,-2.65,10.0,78.12,84,100,3.98
527,Forecariah,GN,2022-01-30 18:52:11,9.4306,-13.0881,84.06,65,7,7.31
528,Bubaque,GW,2022-01-30 18:52:12,11.2833,-15.8333,78.1,65,13,15.17
529,Curuguaty,PY,2022-01-30 18:52:12,-24.4694,-55.6945,98.31,22,0,4.32
530,General Pico,AR,2022-01-30 18:51:14,-35.6566,-63.7568,90.5,20,0,2.39
531,Shunyi,CN,2022-01-30 18:52:13,40.125,116.6453,28.35,40,0,13.42
532,Baherden,TM,2022-01-30 18:52:13,38.4362,57.4316,44.15,56,0,8.61
533,Ndele,CF,2022-01-30 18:52:13,8.4109,20.6473,76.35,18,14,5.08
534,Carmen,MX,2022-01-30 18:52:14,18.6333,-91.8333,69.98,61,11,7.11
535,Aksarka,RU,2022-01-30 18:52:14,66.5606,67.7975,-1.62,97,98,5.3
536,Raudeberg,NO,2022-01-30 18:52:15,61.9875,5.1352,33.4,80,99,7.67
537,Modasa,IN,2022-01-30 18:52:15,23.4667,73.3,62.64,33,0,6.33
538,Korla,CN,2022-01-30 18:52:15,41.7597,86.1469,23.27,59,100,2.46
539,Japura,ID,2022-01-30 18:52:16,-0.3167,102.35,73.29,98,31,1.19
540,Karoi,ZW,2022-01-30 18:52:16,-16.8099,29.6925,63.3,95,87,3.78
541,Altay,CN,2022-01-30 18:52:17,47.8667,88.1167,3.36,54,32,7.45
542,Indaial,BR,2022-01-30 18:52:17,-26.8978,-49.2317,75.11,86,100,3.87
543,Marshall,US,2022-01-30 18:52:17,34.3834,-86.3333,56.97,45,0,3.0
544,Dibrugarh,IN,2022-01-30 18:52:18,27.4833,94.9,54.82,62,7,4.05
545,Arlit,NE,2022-01-30 18:52:18,18.7369,7.3853,68.79,14,0,19.17
546,Akonolinga,CM,2022-01-30 18:52:19,3.7667,12.25,73.38,28,100,1.19
547,Yumen,CN,2022-01-30 18:52:19,40.2833,97.2,15.55,43,100,7.2
548,Tabuk,PH,2022-01-30 18:52:20,17.4189,121.4443,69.37,90,100,8.12
549,Wageningen,NL,2022-01-30 18:52:20,51.9667,5.6667,42.85,84,100,6.15
550,Seymchan,RU,2022-01-30 18:52:20,62.8833,152.4333,-23.55,97,61,4.07
551,Safford,US,2022-01-30 18:52:21,32.834,-109.7076,62.51,36,82,0.54
552,Vestmanna,FO,2022-01-30 18:53:21,62.1564,-7.1664,36.52,93,100,12.66
553,Roebourne,AU,2022-01-30 18:53:21,-20.7833,117.1333,84.65,56,40,20.0
554,Turtas,RU,2022-01-30 18:53:22,58.9417,69.1325,0.61,99,100,3.85
555,Bay Roberts,CA,2022-01-30 18:53:06,47.5999,-53.2648,47.95,89,100,5.01
556,Waipawa,NZ,2022-01-30 18:53:23,-41.4122,175.5153,56.03,79,100,4.14
557,Ornskoldsvik,SE,2022-01-30 18:53:23,63.2909,18.7153,22.82,86,0,10.36
558,Banepa,NP,2022-01-30 18:53:23,27.6298,85.5214,43.12,93,75,2.3
559,Victor Harbor,AU,2022-01-30 18:53:24,-35.5667,138.6167,72.91,87,59,3.98
560,Coxim,BR,2022-01-30 18:52:17,-18.5067,-54.76,75.85,89,100,8.34
561,Biak,ID,2022-01-30 18:50:36,-0.9131,122.8766,76.24,80,99,5.26
562,Akhisar,TR,2022-01-30 18:53:24,38.9185,27.8401,45.55,85,100,2.73
563,Guaxupe,BR,2022-01-30 18:53:25,-21.3053,-46.7128,74.61,90,90,4.45
564,Male,MV,2022-01-30 18:53:25,4.1748,73.5089,82.35,78,40,9.22
565,Ust-Koksa,RU,2022-01-30 18:53:25,50.2696,85.6108,5.5,85,100,1.05
566,Saint Anthony,US,2022-01-30 18:53:26,45.0205,-93.218,22.28,68,75,1.01
567,Tarauaca,BR,2022-01-30 18:53:26,-8.1614,-70.7656,91.98,39,100,6.24
568,Abu Kamal,SY,2022-01-30 18:53:27,34.4506,40.9171,48.92,54,30,9.33
569,Ponta Delgada,PT,2022-01-30 18:53:27,37.7333,-25.6667,59.5,82,40,14.97
570,Kiknur,RU,2022-01-30 18:53:27,57.3034,47.2011,15.66,96,100,5.7
571,Marialva,BR,2022-01-30 18:53:28,-23.485,-51.7917,82.87,85,62,2.66
